benchmark,variant,family,n,m,median_ns,runs,seed
uf_unite,Naive,sequence,500,2000,477400,10,42
uf_unite,PathCompression,sequence,500,2000,20600,10,42
uf_unite,Rank,sequence,500,2000,17300,10,42
uf_unite,Naive,sequence,1000,4000,2054300,10,42
uf_unite,PathCompression,sequence,1000,4000,67900,10,42
uf_unite,Rank,sequence,1000,4000,35300,10,42
uf_unite,Naive,sequence,2000,8000,8292600,10,42
uf_unite,PathCompression,sequence,2000,8000,123100,10,42
uf_unite,Rank,sequence,2000,8000,76700,10,42
uf_unite,Naive,sequence,5000,20000,54069200,10,42
uf_unite,PathCompression,sequence,5000,20000,363400,10,42
uf_unite,Rank,sequence,5000,20000,203300,10,42
uf_unite,Naive,sequence,10000,40000,257298900,10,42
uf_unite,PathCompression,sequence,10000,40000,773500,10,42
uf_unite,Rank,sequence,10000,40000,442700,10,42
kruskal,Naive,random,500,1000,115200,10,42
kruskal_sort,Naive,random,500,1000,10800,10,42
kruskal_uf,Naive,random,500,1000,93100,10,42
kruskal,PathCompression,random,500,1000,23900,10,42
kruskal_sort,PathCompression,random,500,1000,7700,10,42
kruskal_uf,PathCompression,random,500,1000,8400,10,42
kruskal,Rank,random,500,1000,22400,10,42
kruskal_sort,Rank,random,500,1000,7700,10,42
kruskal_uf,Rank,random,500,1000,7000,10,42
kruskal,Naive,random,1000,2000,429400,10,42
kruskal_sort,Naive,random,1000,2000,52600,10,42
kruskal_uf,Naive,random,1000,2000,363200,10,42
kruskal,PathCompression,random,1000,2000,74900,10,42
kruskal_sort,PathCompression,random,1000,2000,41600,10,42
kruskal_uf,PathCompression,random,1000,2000,23800,10,42
kruskal,Rank,random,1000,2000,60000,10,42
kruskal_sort,Rank,random,1000,2000,33600,10,42
kruskal_uf,Rank,random,1000,2000,17200,10,42
kruskal,Naive,random,2000,4000,1403700,10,42
kruskal_sort,Naive,random,2000,4000,137000,10,42
kruskal_uf,Naive,random,2000,4000,1236700,10,42
kruskal,PathCompression,random,2000,4000,225900,10,42
kruskal_sort,PathCompression,random,2000,4000,130400,10,42
kruskal_uf,PathCompression,random,2000,4000,69400,10,42
kruskal,Rank,random,2000,4000,205800,10,42
kruskal_sort,Rank,random,2000,4000,130400,10,42
kruskal_uf,Rank,random,2000,4000,48200,10,42
kruskal,Naive,random,5000,10000,7978000,10,42
kruskal_sort,Naive,random,5000,10000,380100,10,42
kruskal_uf,Naive,random,5000,10000,7633500,10,42
kruskal,PathCompression,random,5000,10000,592700,10,42
kruskal_sort,PathCompression,random,5000,10000,373200,10,42
kruskal_uf,PathCompression,random,5000,10000,214400,10,42
kruskal,Rank,random,5000,10000,527700,10,42
kruskal_sort,Rank,random,5000,10000,376300,10,42
kruskal_uf,Rank,random,5000,10000,141500,10,42
kruskal,Naive,grid,484,924,9500,10,42
kruskal_sort,Naive,grid,484,924,3800,10,42
kruskal_uf,Naive,grid,484,924,5800,10,42
kruskal,PathCompression,grid,484,924,9400,10,42
kruskal_sort,PathCompression,grid,484,924,3800,10,42
kruskal_uf,PathCompression,grid,484,924,5800,10,42
kruskal,Rank,grid,484,924,9700,10,42
kruskal_sort,Rank,grid,484,924,3800,10,42
kruskal_uf,Rank,grid,484,924,6100,10,42
kruskal,Naive,grid,1024,1984,126800,10,42
kruskal_sort,Naive,grid,1024,1984,7800,10,42
kruskal_uf,Naive,grid,1024,1984,89400,10,42
kruskal,PathCompression,grid,1024,1984,46500,10,42
kruskal_sort,PathCompression,grid,1024,1984,7800,10,42
kruskal_uf,PathCompression,grid,1024,1984,13600,10,42
kruskal,Rank,grid,1024,1984,41900,10,42
kruskal_sort,Rank,grid,1024,1984,7800,10,42
kruskal_uf,Rank,grid,1024,1984,13300,10,42
kruskal,Naive,grid,2025,3960,77800,10,42
kruskal_sort,Naive,grid,2025,3960,17100,10,42
kruskal_uf,Naive,grid,2025,3960,32600,10,42
kruskal,PathCompression,grid,2025,3960,78200,10,42
kruskal_sort,PathCompression,grid,2025,3960,17300,10,42
kruskal_uf,PathCompression,grid,2025,3960,31800,10,42
kruskal,Rank,grid,2025,3960,77200,10,42
kruskal_sort,Rank,grid,2025,3960,17300,10,42
kruskal_uf,Rank,grid,2025,3960,32300,10,42
kruskal,Naive,grid,3969,7812,256300,10,42
kruskal_sort,Naive,grid,3969,7812,37100,10,42
kruskal_uf,Naive,grid,3969,7812,152700,10,42
kruskal,PathCompression,grid,3969,7812,159600,10,42
kruskal_sort,PathCompression,grid,3969,7812,37000,10,42
kruskal_uf,PathCompression,grid,3969,7812,62800,10,42
kruskal,Rank,grid,3969,7812,159100,10,42
kruskal_sort,Rank,grid,3969,7812,37200,10,42
kruskal_uf,Rank,grid,3969,7812,63700,10,42
kruskal,Naive,grid,7921,15664,259300,10,42
kruskal_sort,Naive,grid,7921,15664,81100,10,42
kruskal_uf,Naive,grid,7921,15664,150200,10,42
kruskal,PathCompression,grid,7921,15664,191400,10,42
kruskal_sort,PathCompression,grid,7921,15664,81200,10,42
kruskal_uf,PathCompression,grid,7921,15664,105200,10,42
kruskal,Rank,grid,7921,15664,196200,10,42
kruskal_sort,Rank,grid,7921,15664,81000,10,42
kruskal_uf,Rank,grid,7921,15664,104500,10,42
kruskal,Naive,complete,100,4950,99800,10,42
kruskal_sort,Naive,complete,100,4950,23900,10,42
kruskal_uf,Naive,complete,100,4950,28100,10,42
kruskal,PathCompression,complete,100,4950,81900,10,42
kruskal_sort,PathCompression,complete,100,4950,24000,10,42
kruskal_uf,PathCompression,complete,100,4950,17500,10,42
kruskal,Rank,complete,100,4950,80100,10,42
kruskal_sort,Rank,complete,100,4950,24200,10,42
kruskal_uf,Rank,complete,100,4950,16500,10,42
kruskal,Naive,complete,150,11175,138000,10,42
kruskal_sort,Naive,complete,150,11175,58000,10,42
kruskal_uf,Naive,complete,150,11175,76500,10,42
kruskal,PathCompression,complete,150,11175,98300,10,42
kruskal_sort,PathCompression,complete,150,11175,56900,10,42
kruskal_uf,PathCompression,complete,150,11175,38100,10,42
kruskal,Rank,complete,150,11175,96800,10,42
kruskal_sort,Rank,complete,150,11175,57200,10,42
kruskal_uf,Rank,complete,150,11175,36300,10,42
kruskal,Naive,complete,200,19900,285800,10,42
kruskal_sort,Naive,complete,200,19900,113300,10,42
kruskal_uf,Naive,complete,200,19900,157900,10,42
kruskal,PathCompression,complete,200,19900,194400,10,42
kruskal_sort,PathCompression,complete,200,19900,113800,10,42
kruskal_uf,PathCompression,complete,200,19900,68100,10,42
kruskal,Rank,complete,200,19900,184600,10,42
kruskal_sort,Rank,complete,200,19900,113600,10,42
kruskal_uf,Rank,complete,200,19900,64800,10,42
kruskal,Naive,complete,250,31125,454100,10,42
kruskal_sort,Naive,complete,250,31125,173300,10,42
kruskal_uf,Naive,complete,250,31125,267100,10,42
kruskal,PathCompression,complete,250,31125,293000,10,42
kruskal_sort,PathCompression,complete,250,31125,173300,10,42
kruskal_uf,PathCompression,complete,250,31125,105700,10,42
kruskal,Rank,complete,250,31125,281500,10,42
kruskal_sort,Rank,complete,250,31125,172300,10,42
kruskal_uf,Rank,complete,250,31125,100500,10,42
kruskal,Naive,complete,300,44850,773300,10,42
kruskal_sort,Naive,complete,300,44850,271400,10,42
kruskal_uf,Naive,complete,300,44850,474700,10,42
kruskal,PathCompression,complete,300,44850,448700,10,42
kruskal_sort,PathCompression,complete,300,44850,267900,10,42
kruskal_uf,PathCompression,complete,300,44850,151700,10,42
kruskal,Rank,complete,300,44850,429900,10,42
kruskal_sort,Rank,complete,300,44850,268100,10,42
kruskal_uf,Rank,complete,300,44850,146200,10,42
